tracks_amount,acousticness,danceability,energy,instrumentalness,key,liveness,loudness,speechiness,tempo,valence
545,0.4807224585504585,0.5448146788990823,0.455227623853211,0.589427323651376,5.047706422018349,0.14823045871559618,0.6480434403669724,0.053469174311926604,0.5224115012510425,0.27915100917431196
