tracks_amount,acousticness,danceability,energy,instrumentalness,key,liveness,loudness,speechiness,tempo,valence
455,0.16458414769230767,0.653782417582418,0.7240307692307689,0.041190974725274714,5.303296703296703,0.1902802197802197,0.8505773626373626,0.07644175824175824,0.5317629870129869,0.5597793406593405
